<?xml version="1.0" standalone="yes"?>
<xs:schema id="NewDataSet" xmlns="" xmlns:xs="http://www.w3.org/2001/XMLSchema" xmlns:msdata="urn:schemas-microsoft-com:xml-msdata">
  <xs:element name="NewDataSet" msdata:IsDataSet="true" msdata:MainDataTable="PendingStudents" msdata:UseCurrentLocale="true">
    <xs:complexType>
      <xs:choice minOccurs="0" maxOccurs="unbounded">
        <xs:element name="PendingStudents">
          <xs:complexType>
            <xs:sequence>
              <xs:element name="FirstName" minOccurs="0">
                <xs:simpleType>
                  <xs:restriction base="xs:string">
                    <xs:maxLength value="45" />
                  </xs:restriction>
                </xs:simpleType>
              </xs:element>
              <xs:element name="MiddleName" minOccurs="0">
                <xs:simpleType>
                  <xs:restriction base="xs:string">
                    <xs:maxLength value="45" />
                  </xs:restriction>
                </xs:simpleType>
              </xs:element>
              <xs:element name="LastName" minOccurs="0">
                <xs:simpleType>
                  <xs:restriction base="xs:string">
                    <xs:maxLength value="45" />
                  </xs:restriction>
                </xs:simpleType>
              </xs:element>
              <xs:element name="StudentNumber" minOccurs="0">
                <xs:simpleType>
                  <xs:restriction base="xs:string">
                    <xs:maxLength value="255" />
                  </xs:restriction>
                </xs:simpleType>
              </xs:element>
              <xs:element name="Email" minOccurs="0">
                <xs:simpleType>
                  <xs:restriction base="xs:string">
                    <xs:maxLength value="255" />
                  </xs:restriction>
                </xs:simpleType>
              </xs:element>
              <xs:element name="MobileNumber" minOccurs="0">
                <xs:simpleType>
                  <xs:restriction base="xs:string">
                    <xs:maxLength value="255" />
                  </xs:restriction>
                </xs:simpleType>
              </xs:element>
              <xs:element name="Gender" minOccurs="0">
                <xs:simpleType>
                  <xs:restriction base="xs:string">
                    <xs:maxLength value="255" />
                  </xs:restriction>
                </xs:simpleType>
              </xs:element>
              <xs:element name="Year" minOccurs="0">
                <xs:simpleType>
                  <xs:restriction base="xs:string">
                    <xs:maxLength value="11" />
                  </xs:restriction>
                </xs:simpleType>
              </xs:element>
              <xs:element name="Course" minOccurs="0">
                <xs:simpleType>
                  <xs:restriction base="xs:string">
                    <xs:maxLength value="255" />
                  </xs:restriction>
                </xs:simpleType>
              </xs:element>
              <xs:element name="RFID" minOccurs="0">
                <xs:simpleType>
                  <xs:restriction base="xs:string">
                    <xs:maxLength value="255" />
                  </xs:restriction>
                </xs:simpleType>
              </xs:element>
              <xs:element name="ParentFirstName" minOccurs="0">
                <xs:simpleType>
                  <xs:restriction base="xs:string">
                    <xs:maxLength value="45" />
                  </xs:restriction>
                </xs:simpleType>
              </xs:element>
              <xs:element name="ParentMiddleName" minOccurs="0">
                <xs:simpleType>
                  <xs:restriction base="xs:string">
                    <xs:maxLength value="45" />
                  </xs:restriction>
                </xs:simpleType>
              </xs:element>
              <xs:element name="ParentLastName" minOccurs="0">
                <xs:simpleType>
                  <xs:restriction base="xs:string">
                    <xs:maxLength value="45" />
                  </xs:restriction>
                </xs:simpleType>
              </xs:element>
              <xs:element name="ParentMobile" type="xs:int" minOccurs="0" />
              <xs:element name="ParentEmail" minOccurs="0">
                <xs:simpleType>
                  <xs:restriction base="xs:string">
                    <xs:maxLength value="45" />
                  </xs:restriction>
                </xs:simpleType>
              </xs:element>
              <xs:element name="ParentGender" minOccurs="0">
                <xs:simpleType>
                  <xs:restriction base="xs:string">
                    <xs:maxLength value="255" />
                  </xs:restriction>
                </xs:simpleType>
              </xs:element>
              <xs:element name="Status" minOccurs="0">
                <xs:simpleType>
                  <xs:restriction base="xs:string">
                    <xs:maxLength value="255" />
                  </xs:restriction>
                </xs:simpleType>
              </xs:element>
              <xs:element name="Profile" type="xs:base64Binary" minOccurs="0" />
            </xs:sequence>
          </xs:complexType>
        </xs:element>
      </xs:choice>
    </xs:complexType>
  </xs:element>
</xs:schema>