<?xml version="1.0" standalone="yes"?>
<xs:schema id="NewDataSet" xmlns="" xmlns:xs="http://www.w3.org/2001/XMLSchema" xmlns:msdata="urn:schemas-microsoft-com:xml-msdata">
  <xs:element name="NewDataSet" msdata:IsDataSet="true" msdata:MainDataTable="PendingStudents" msdata:UseCurrentLocale="true">
    <xs:complexType>
      <xs:choice minOccurs="0" maxOccurs="unbounded">
        <xs:element name="PendingStudents">
          <xs:complexType>
            <xs:sequence>
              <xs:element name="FirstName" minOccurs="0">
                <xs:simpleType>
                  <xs:restriction base="xs:string">
                    <xs:maxLength value="45" />
                  </xs:restriction>
                </xs:simpleType>
              </xs:element>
              <xs:element name="LastName" minOccurs="0">
                <xs:simpleType>
                  <xs:restriction base="xs:string">
                    <xs:maxLength value="45" />
                  </xs:restriction>
                </xs:simpleType>
              </xs:element>
              <xs:element name="MiddleName" minOccurs="0">
                <xs:simpleType>
                  <xs:restriction base="xs:string">
                    <xs:maxLength value="45" />
                  </xs:restriction>
                </xs:simpleType>
              </xs:element>
              <xs:element name="Position" minOccurs="0">
                <xs:simpleType>
                  <xs:restriction base="xs:string">
                    <xs:maxLength value="255" />
                  </xs:restriction>
                </xs:simpleType>
              </xs:element>
              <xs:element name="Email" minOccurs="0">
                <xs:simpleType>
                  <xs:restriction base="xs:string">
                    <xs:maxLength value="255" />
                  </xs:restriction>
                </xs:simpleType>
              </xs:element>
              <xs:element name="MobileNumber" minOccurs="0">
                <xs:simpleType>
                  <xs:restriction base="xs:string">
                    <xs:maxLength value="255" />
                  </xs:restriction>
                </xs:simpleType>
              </xs:element>
              <xs:element name="Gender" minOccurs="0">
                <xs:simpleType>
                  <xs:restriction base="xs:string">
                    <xs:maxLength value="255" />
                  </xs:restriction>
                </xs:simpleType>
              </xs:element>
              <xs:element name="Password" minOccurs="0">
                <xs:simpleType>
                  <xs:restriction base="xs:string">
                    <xs:maxLength value="255" />
                  </xs:restriction>
                </xs:simpleType>
              </xs:element>
              <xs:element name="Username" minOccurs="0">
                <xs:simpleType>
                  <xs:restriction base="xs:string">
                    <xs:maxLength value="45" />
                  </xs:restriction>
                </xs:simpleType>
              </xs:element>
            </xs:sequence>
          </xs:complexType>
        </xs:element>
      </xs:choice>
    </xs:complexType>
  </xs:element>
</xs:schema>